1,RippleRipple,XRP/KRW,
2,CardanoCardano,ADA/KRW,
3,BitcoinBitcoin,BTC/KRW,
1,RippleRipple,XRP/KRW,
2,CardanoCardano,ADA/KRW,
3,BitcoinBitcoin,BTC/KRW,
4,StatusStatus,SNT/KRW,
5,NEONEO,NEO/KRW,
6,Bitcoin,GoldBitcoin,Gold,BTG/KRW,
7,EthereumEthereum,ETH/KRW,
8,QtumQtum,QTUM/KRW,
9,StellarStellar,XLM/KRW,
10,ArdorArdor,ARDR/KRW,
11,RippleRipple,XRP/BTC,
12,SiacoinSiacoin,SC/BTC,
13,MercuryMercury,MER/KRW,
14,Bitcoin,CashBitcoin,Cash,BCC/KRW,
15,VergeVerge,XVG/BTC,
16,EinsteiniumEinsteinium,EMC2/KRW,
17,CardanoCardano,ADA/BTC,
18,Ethereum,ClassicEthereum,Classic,ETC/KRW,
19,Bitcoin,GoldBitcoin,Gold,BTG/BTC,
20,Power,LedgerPower,Ledger,POWR/KRW,
21,NEMNEM,XEM/KRW,
22,EthereumEthereum,ETH/BTC,
23,SteemSteem,STEEM/KRW,
24,EdgelessEdgeless,EDG/BTC,
25,NEONEO,NEO/BTC,
26,VeriCoinVeriCoin,VRC/BTC,
27,StellarStellar,XLM/BTC,
28,BlocktixBlocktix,TIX/KRW,
29,DigitalNoteDigitalNote,XDN/BTC,
30,Bitcoin,CashBitcoin,Cash,BCC/BTC,
31,StratisStratis,STRAT/KRW,
32,QtumQtum,QTUM/BTC,
33,StorjStorj,STORJ/KRW,
34,ArdorArdor,ARDR/BTC,
35,Ethereum,ClassicEthereum,Classic,ETC/BTC,
36,StatusStatus,SNT/BTC,
37,FunFairFunFair,FUN/BTC,
38,Steem,DollarsSteem,Dollars,SBD/KRW,
39,NEMNEM,XEM/BTC,
40,AugurAugur,REP/KRW,
41,OmiseGOOmiseGO,OMG/KRW,
42,EinsteiniumEinsteinium,EMC2/BTC,
43,VoxelsVoxels,VOX/BTC,
44,MercuryMercury,MER/BTC,
45,SteemSteem,STEEM/BTC,
46,RippleRipple,XRP/ETH,
47,DigiByteDigiByte,DGB/BTC,
48,GroestlcoinGroestlcoin,GRS/KRW,
49,Cofound.itCofound.it,CFI/BTC,
50,StratisStratis,STRAT/BTC,
51,BitBayBitBay,BAY/BTC,
52,Power,LedgerPower,Ledger,POWR/BTC,
53,LitecoinLitecoin,LTC/KRW,
54,Unikoin,GoldUnikoin,Gold,UKG/BTC,
55,KomodoKomodo,KMD/KRW,
56,NxtNxt,NXT/BTC,
57,BitcoinBitcoin,BTC/USDT,
58,Ripio,Credit,NetworkRipio,Credit,Network,RCN/BTC,
59,AugurAugur,REP/BTC,
60,ArkArk,ARK/KRW,
61,StorjStorj,STORJ/BTC,
62,OmiseGOOmiseGO,OMG/BTC,
63,LitecoinLitecoin,LTC/BTC,
64,SphereSphere,SPHR/BTC,
65,LiskLisk,LSK/KRW,
66,RiseRise,RISE/BTC,
67,NEONEO,NEO/ETH,
68,GolemGolem,GNT/BTC,
69,SyscoinSyscoin,SYS/BTC,
70,BurstBurst,BURST/BTC,
71,RippleRipple,XRP/USDT,
72,LiskLisk,LSK/BTC,
73,MoneroMonero,XMR/KRW,
74,NuBitsNuBits,NBT/BTC,
75,DashDash,DASH/BTC,
76,PIVXPIVX,PIVX/KRW,
77,SiacoinSiacoin,SC/ETH,
78,DashDash,DASH/KRW,
79,AdExAdEx,ADX/BTC,
80,MetalMetal,MTL/KRW,
81,ZcashZcash,ZEC/BTC,
82,MysteriumMysterium,MYST/BTC,
83,iExec,RLCiExec,RLC,RLC/BTC,
84,KomodoKomodo,KMD/BTC,
85,ArkArk,ARK/BTC,
86,BlocktixBlocktix,TIX/BTC,
87,adTokenadToken,ADT/BTC,
88,DecentralandDecentraland,MANA/BTC,
89,MatchpoolMatchpool,GUP/BTC,
90,Steem,DollarsSteem,Dollars,SBD/BTC,
91,district0xdistrict0x,DNT/BTC,
92,ZcashZcash,ZEC/KRW,
93,ExpanseExpanse,EXP/BTC,
94,MoneroMonero,XMR/BTC,
95,DecredDecred,DCR/BTC,
96,GroestlcoinGroestlcoin,GRS/BTC,
97,WavesWaves,WAVES/KRW,
98,EnigmaEnigma,ENG/BTC,
99,CardanoCardano,ADA/USDT,
100,WavesWaves,WAVES/BTC,
101,FirstBloodFirstBlood,1ST/BTC,
102,EthereumEthereum,ETH/USDT,
103,NEONEO,NEO/USDT,
104,StellarStellar,XLM/ETH,
105,CivicCivic,CVC/BTC,
106,TenXTenX,PAY/BTC,
107,BitSendBitSend,BSD/BTC,
108,VertcoinVertcoin,VTC/KRW,
109,PIVXPIVX,PIVX/BTC,
110,MonacoMonaco,MCO/BTC,
111,Swarm,CitySwarm,City,SWT/BTC,
112,OKCashOKCash,OK/BTC,
113,HumaniqHumaniq,HMQ/BTC,
114,VergeVerge,XVG/USDT,
115,UnbreakableCoinUnbreakableCoin,UNB/BTC,
116,VertcoinVertcoin,VTC/BTC,
117,SALTSALT,SALT/BTC,
118,PatientoryPatientory,PTOY/BTC,
119,ElasticElastic,XEL/BTC,
120,SaluSSaluS,SLS/BTC,
121,ViberateViberate,VIB/BTC,
122,FactomFactom,FCT/BTC,
123,UbiqUbiq,UBQ/BTC,
124,NumeraireNumeraire,NMR/BTC,
125,QtumQtum,QTUM/ETH,
126,CloakCoinCloakCoin,CLOAK/BTC,
127,Bitcoin,GoldBitcoin,Gold,BTG/USDT,
128,Bitcoin,GoldBitcoin,Gold,BTG/ETH,
129,Bitcoin,CashBitcoin,Cash,BCC/USDT,
130,LBRY,CreditsLBRY,Credits,LBC/BTC,
131,SynereoSynereo,AMP/BTC,
132,Quantum,Resistant,LedgerQuantum,Resistant,Ledger,QRL/BTC,
133,Bitcoin,CashBitcoin,Cash,BCC/ETH,
134,Internet,of,PeopleInternet,of,People,IOP/BTC,
135,Basic,Attention,TokenBasic,Attention,Token,BAT/BTC,
136,SIBCoinSIBCoin,SIB/BTC,
137,GameCreditsGameCredits,GAME/BTC,
138,MonaCoinMonaCoin,MONA/BTC,
139,Byteball,BytesByteball,Bytes,GBYTE/BTC,
140,GnosisGnosis,GNO/BTC,
141,BancorBancor,BNT/BTC,
142,OmiseGOOmiseGO,OMG/ETH,
143,AragonAragon,ANT/BTC,
144,NEMNEM,XEM/ETH,
145,FeathercoinFeathercoin,FTC/BTC,
146,StatusStatus,SNT/ETH,
147,Ethereum,ClassicEthereum,Classic,ETC/ETH,
148,NexusNexus,NXS/BTC,
149,MonetaryUnitMonetaryUnit,MUE/BTC,
150,NAV,CoinNAV,Coin,NAV/BTC,
151,Ethereum,ClassicEthereum,Classic,ETC/USDT,
152,BlackCoinBlackCoin,BLK/BTC,
153,ShiftShift,SHIFT/BTC,
154,TransferCoinTransferCoin,TX/BTC,
155,SyndicateSyndicate,SYNX/BTC,
156,StratisStratis,STRAT/ETH,
157,FunFairFunFair,FUN/ETH,
158,LitecoinLitecoin,LTC/ETH,
159,MaidSafeCoinMaidSafeCoin,MAID/BTC,
160,Power,LedgerPower,Ledger,POWR/ETH,
161,LitecoinLitecoin,LTC/USDT,
162,DynamicDynamic,DYN/BTC,
163,RadiumRadium,RADS/BTC,
164,WingsWings,WINGS/BTC,
165,ZenCashZenCash,ZEN/BTC,
166,DECENTDECENT,DCT/BTC,
167,BlocktixBlocktix,TIX/ETH,
168,ExclusiveCoinExclusiveCoin,EXCL/BTC,
169,Memetic,/,PepeCoinMemetic,/,PepeCoin,MEME/BTC,
170,StorjStorj,STORJ/ETH,
171,Agoras,TokensAgoras,Tokens,AGRS/BTC,
172,AugurAugur,REP/ETH,
173,KoreKore,KORE/BTC,
174,ViacoinViacoin,VIA/BTC,
175,ParticlParticl,PART/BTC,
176,DashDash,DASH/ETH,
177,MysteriumMysterium,MYST/ETH,
178,OmiseGOOmiseGO,OMG/USDT,
179,adTokenadToken,ADT/ETH,
180,GolemGolem,GNT/ETH,
181,Ripio,Credit,NetworkRipio,Credit,Network,RCN/ETH,
182,MoneroMonero,XMR/ETH,
183,DashDash,DASH/USDT,
184,DecentralandDecentraland,MANA/ETH,
185,Basic,Attention,TokenBasic,Attention,Token,BAT/ETH,
186,ViberateViberate,VIB/ETH,
187,TenXTenX,PAY/ETH,
188,Cofound.itCofound.it,CFI/ETH,
189,ZCoinZCoin,XZC/BTC,
190,IONION,ION/BTC,
191,AdExAdEx,ADX/ETH,
192,MatchpoolMatchpool,GUP/ETH,
193,MoneroMonero,XMR/USDT,
194,ZcashZcash,ZEC/ETH,
195,iExec,RLCiExec,RLC,RLC/ETH,
196,ZcashZcash,ZEC/USDT,
197,CivicCivic,CVC/ETH,
198,NxtNxt,NXT/USDT,
199,SALTSALT,SALT/ETH,
200,HumaniqHumaniq,HMQ/ETH,
201,BlocknetBlocknet,BLOCK/BTC,
202,MonacoMonaco,MCO/ETH,
203,GnosisGnosis,GNO/ETH,
204,NumeraireNumeraire,NMR/ETH,
205,WavesWaves,WAVES/ETH,
206,Quantum,Resistant,LedgerQuantum,Resistant,Ledger,QRL/ETH,
207,AragonAragon,ANT/ETH,
208,FirstBloodFirstBlood,1ST/ETH,
209,PatientoryPatientory,PTOY/ETH,
210,FactomFactom,FCT/ETH,
211,BancorBancor,BNT/ETH,
212,DigiByteDigiByte,DGB/ETH,
213,WingsWings,WINGS/ETH,
214,DogecoinDogecoin,DOGE/BTC,
